[   {
    "Image":"./images/Product1.png",
    "Name":"Vivo X60 Pro",
    "Price":16000
    },
    {
        "Image":"./images/Product2.png",
    "Name":"Apple iPhone 12",
    "Price":17999
    },
    {
        "Image":"./images/Product3.png",
        "Name":"Samsung Galaxy S21 Ultra",
        "Price":20999
    },
    {
        "Image":"./images/Product4.png",
        "Name":"Apple iPhone 11",
        "Price":29999
    },
    {
        "Image":"./images/Product5.png",
        "Name":"OnePlus 9 Pro",
        "Price":15999
    },
    {
        "Image":"./images/Product6.png",
        "Name":"Samsung Galaxy S20 FE",
        "Price":17999
    },
    {
        "Image":"./images/Product7.png",
        "Name":"Xiaomi Redmi Note 9 Pro Max",
        "Price":14999
    },
    {
        "Image":"./images/Product8.png",
        "Name":"Realme C3",
        "Price":14999
    },
    {
        "Image":"./images/Product9.png",
        "Name":"Xiaomi Redmi 8A",
        "Price":16999
        },
    {
        "Image":"./images/Product10.png",
        "Name":"Samsung Galaxy F02s",
        "Price":18999
    }]